cust_id,onu_serial,customer_name,street,estate,lat,lon,olt_id,board,pon_port,fat_id,fat_port,activation_date,status
C10001,ZTEG83CF256,Sade E.,Adeola Street,Magodo Estate,6.60496,3.35468,OLT-IKJ-01,1,1,FAT-0144,1,2025-04-06,Active
C10002,ZTEGDDCC692,Rotimi E.,Adeola Street,Magodo Estate,6.6051,3.35463,OLT-IKJ-01,1,1,FAT-0144,2,2025-02-15,Active
C10003,ZTEG5DABB48,Efe A.,Adeola Street,Magodo Estate,6.60503,3.35471,OLT-IKJ-01,1,1,FAT-0144,3,2025-11-02,Active
C10004,ZTEGA86E86C,Musa E.,Adeola Street,Magodo Estate,6.60512,3.35449,OLT-IKJ-01,1,1,FAT-0144,4,2025-03-20,Active
C10005,ZTEG13D7168,Rotimi A.,Adeola Street,Magodo Estate,6.60465,3.35415,OLT-IKJ-01,1,1,FAT-0144,5,2025-04-20,Active
C10006,ZTEG17B37E1,Ola O.,Adeola Street,Magodo Estate,6.60495,3.35467,OLT-IKJ-01,1,1,FAT-0144,6,2025-09-08,Active
C10007,ZTEGB3EA284,Jide E.,Adeola Street,Magodo Estate,6.6046,3.35407,OLT-IKJ-01,1,1,FAT-0144,7,2025-11-09,Active
C10008,ZTEG7822A6B,Sade A.,Adeola Street,Magodo Estate,6.60517,3.35425,OLT-IKJ-01,1,1,FAT-0144,8,2025-04-17,Active
C10009,ZTEG59FE85B,Ade A.,Adeola Street,Magodo Estate,6.60575,3.35429,OLT-IKJ-01,1,1,FAT-0145,1,2025-02-28,Active
C10010,ZTEG5A789CB,Musa A.,Adeola Street,Magodo Estate,6.60607,3.35488,OLT-IKJ-01,1,1,FAT-0145,2,2025-01-07,Active
C10011,ZTEG45B00A5,Bola E.,Adeola Street,Magodo Estate,6.6056,3.35477,OLT-IKJ-01,1,1,FAT-0145,3,2025-07-03,Active
C10012,ZTEGA0F5380,Yemi B.,Adeola Street,Magodo Estate,6.60592,3.35442,OLT-IKJ-01,1,1,FAT-0145,4,2025-02-10,Active
C10013,ZTEG652454F,Ade E.,Adeola Street,Magodo Estate,6.60591,3.35429,OLT-IKJ-01,1,1,FAT-0145,5,2025-04-23,Active
C10014,ZTEG29DE2BC,Ade A.,Adeola Street,Magodo Estate,6.60567,3.35459,OLT-IKJ-01,1,1,FAT-0145,6,2025-11-18,Active
C10015,ZTEG403A07B,Ola I.,Adeola Street,Magodo Estate,6.60545,3.35479,OLT-IKJ-01,1,1,FAT-0145,7,2025-03-14,Active
C10016,ZTEGB4CA83B,Musa A.,Adeola Street,Magodo Estate,6.60562,3.35499,OLT-IKJ-01,1,1,FAT-0145,8,2025-01-09,Active
C10017,ZTEGED44FD3,Tunde O.,Toyin Street,Magodo Estate,6.6068,3.35442,OLT-IKJ-01,1,1,FAT-0146,1,2025-03-13,Active
C10018,ZTEGEAB871D,Uche I.,Toyin Street,Magodo Estate,6.60608,3.35519,OLT-IKJ-01,1,1,FAT-0146,2,2025-04-15,Active
C10019,ZTEG521E7A6,Ade I.,Toyin Street,Magodo Estate,6.60626,3.35464,OLT-IKJ-01,1,1,FAT-0146,3,2025-02-03,Active
C10020,ZTEG2711EB5,Gbenga I.,Toyin Street,Magodo Estate,6.60651,3.35441,OLT-IKJ-01,1,1,FAT-0146,4,2025-06-12,Active
C10021,ZTEGAF452C0,Ola B.,Toyin Street,Magodo Estate,6.60677,3.35479,OLT-IKJ-01,1,1,FAT-0146,5,2025-10-05,Active
C10022,ZTEGEDD4A05,Musa B.,Toyin Street,Magodo Estate,6.6065,3.35465,OLT-IKJ-01,1,1,FAT-0146,6,2025-04-27,Active
C10023,ZTEGAC461CB,Hauwa B.,Toyin Street,Magodo Estate,6.60613,3.3549,OLT-IKJ-01,1,1,FAT-0146,7,2025-09-07,Active
C10024,ZTEGBFDD873,Musa E.,Toyin Street,(none),6.60718,3.35494,OLT-IKJ-01,1,1,FAT-0147,1,2025-02-04,Active
C10025,ZTEG19E8031,Rotimi O.,Toyin Street,(none),6.60689,3.35516,OLT-IKJ-01,1,1,FAT-0147,2,2025-05-14,Active
C10026,ZTEGE2DF2C2,Uche E.,Toyin Street,(none),6.60693,3.35474,OLT-IKJ-01,1,1,FAT-0147,3,2025-12-03,Active
C10027,ZTEG305BC30,Hauwa E.,Toyin Street,(none),6.60715,3.35528,OLT-IKJ-01,1,1,FAT-0147,4,2025-10-03,Active
C10028,ZTEG57BC754,Gbenga B.,Toyin Street,(none),6.6073,3.35466,OLT-IKJ-01,1,1,FAT-0147,5,2025-07-15,Active
C10029,ZTEG4FC2A90,Bola A.,Toyin Street,(none),6.60684,3.3549,OLT-IKJ-01,1,1,FAT-0147,6,2025-10-05,Active
C10030,ZTEG2799E72,Lola B.,Adeola Street,Magodo Estate,6.60501,3.35558,OLT-IKJ-01,1,1,FAT-0150,1,2025-11-24,Active
C10031,ZTEGC0F3E5F,Rotimi I.,Adeola Street,Magodo Estate,6.60506,3.35527,OLT-IKJ-01,1,1,FAT-0150,2,2025-01-16,Active
C10032,ZTEGF903AEF,Lola O.,Adeola Street,Magodo Estate,6.60507,3.35482,OLT-IKJ-01,1,1,FAT-0150,3,2025-11-03,Active
C10033,ZTEG8B73CCF,Chidi O.,Adeola Street,Magodo Estate,6.60456,3.3556,OLT-IKJ-01,1,1,FAT-0150,4,2025-02-15,Active
C10034,ZTEG9BCCE7C,Lola A.,Adeola Street,Magodo Estate,6.60502,3.35539,OLT-IKJ-01,1,1,FAT-0150,5,2025-12-05,Active
C10035,ZTEGDB13865,Kemi O.,Adeola Street,Magodo Estate,6.60447,3.35598,OLT-IKJ-01,1,1,FAT-0151,1,2025-02-28,Active
C10036,ZTEGEB77B92,Ngozi A.,Adeola Street,Magodo Estate,6.60509,3.35606,OLT-IKJ-01,1,1,FAT-0151,2,2025-10-22,Active
C10037,ZTEG71E09C2,Musa I.,Adeola Street,Magodo Estate,6.60441,3.35566,OLT-IKJ-01,1,1,FAT-0151,3,2025-02-21,Active
C10038,ZTEG2D96AC5,Ife E.,Opebi Road,Omole Phase 1,6.60398,3.35991,OLT-IKJ-01,1,2,FAT-0160,1,2025-12-23,Active
C10039,ZTEGA4B953E,Ola E.,Opebi Road,Omole Phase 1,6.60377,3.36003,OLT-IKJ-01,1,2,FAT-0160,2,2025-09-25,Active
C10040,ZTEG93B852D,Ade O.,Opebi Road,Omole Phase 1,6.60388,3.35998,OLT-IKJ-01,1,2,FAT-0160,3,2025-04-23,Active
C10041,ZTEG2CE606F,Pelumi I.,Opebi Road,Omole Phase 1,6.60393,3.35999,OLT-IKJ-01,1,2,FAT-0160,4,2025-01-12,Active
C10042,ZTEG5D1079A,Efe I.,Opebi Road,Omole Phase 1,6.60356,3.35974,OLT-IKJ-01,1,2,FAT-0160,5,2025-06-22,Active
C10043,ZTEGFE283C1,Ola E.,Opebi Road,Omole Phase 1,6.60411,3.35986,OLT-IKJ-01,1,2,FAT-0160,6,2025-11-09,Active
C10044,ZTEG42D1464,Yemi E.,Opebi Road,Omole Phase 1,6.60404,3.3602,OLT-IKJ-01,1,2,FAT-0160,7,2025-04-07,Active
C10045,ZTEG7269435,Hauwa I.,Opebi Road,Omole Phase 1,6.60414,3.35977,OLT-IKJ-01,1,2,FAT-0160,8,2025-03-16,Active
C10046,ZTEG69CA6EF,Bola A.,Opebi Road,Omole Phase 1,6.60436,3.36042,OLT-IKJ-01,1,2,FAT-0161,1,2025-03-04,Active
C10047,ZTEG835DC32,Pelumi O.,Opebi Road,Omole Phase 1,6.60434,3.36086,OLT-IKJ-01,1,2,FAT-0161,2,2025-07-21,Active
C10048,ZTEG951D1A3,Pelumi O.,Opebi Road,Omole Phase 1,6.60417,3.36087,OLT-IKJ-01,1,2,FAT-0161,3,2025-10-15,Active
C10049,ZTEG620235B,Chidi A.,Opebi Road,Omole Phase 1,6.60382,3.36069,OLT-IKJ-01,1,2,FAT-0161,4,2025-11-23,Active
C10050,ZTEG57F439F,Tunde O.,Opebi Road,Omole Phase 1,6.60385,3.36083,OLT-IKJ-01,1,2,FAT-0161,5,2025-01-21,Active
C10051,ZTEG32C91B8,Musa E.,Opebi Road,Omole Phase 1,6.60375,3.36082,OLT-IKJ-01,1,2,FAT-0161,6,2025-05-08,Active
C10052,ZTEGD77D357,Efe A.,Opebi Road,Omole Phase 1,6.60439,3.36029,OLT-IKJ-01,1,2,FAT-0161,7,2025-02-21,Active
C10053,ZTEG990F6C2,Yemi O.,Opebi Road,Omole Phase 1,6.60437,3.36075,OLT-IKJ-01,1,2,FAT-0161,8,2025-04-27,Active
C10054,ZTEG89A2ED1,Ife B.,Opebi Road,Omole Phase 1,6.60437,3.3614,OLT-IKJ-01,1,2,FAT-0162,1,2025-09-23,Active
C10055,ZTEG1942C3F,Funmi B.,Opebi Road,Omole Phase 1,6.60402,3.36108,OLT-IKJ-01,1,2,FAT-0162,2,2025-12-17,Active
C10056,ZTEG901B43B,Uche B.,Opebi Road,Omole Phase 1,6.60411,3.36143,OLT-IKJ-01,1,2,FAT-0162,3,2025-04-03,Active
C10057,ZTEG79155CC,Musa B.,Opebi Road,Omole Phase 1,6.60416,3.36096,OLT-IKJ-01,1,2,FAT-0162,4,2025-01-13,Active
C10058,ZTEG9CCDA80,Tunde I.,Opebi Road,Omole Phase 1,6.60444,3.36156,OLT-IKJ-01,1,2,FAT-0162,5,2025-08-11,Active
C10059,ZTEGB6BD134,Gbenga A.,Opebi Road,Omole Phase 1,6.60438,3.36145,OLT-IKJ-01,1,2,FAT-0162,6,2025-11-23,Active
C10060,ZTEG2F9CA6C,Gbenga B.,Opebi Road,Omole Phase 1,6.60452,3.36158,OLT-IKJ-01,1,2,FAT-0162,7,2025-05-18,Active
C10061,ZTEGDA71067,Kemi O.,Opebi Road,Omole Phase 1,6.60453,3.36148,OLT-IKJ-01,1,2,FAT-0162,8,2025-06-17,Active
C10062,ZTEG2530959,Bola E.,Opebi Road,Omole Phase 1,6.60427,3.36174,OLT-IKJ-01,1,2,FAT-0163,1,2025-05-16,Active
C10063,ZTEGFB75441,Ade B.,Opebi Road,Omole Phase 1,6.60465,3.36145,OLT-IKJ-01,1,2,FAT-0163,2,2025-01-06,Active
C10064,ZTEG987AAE6,Kemi B.,Opebi Road,Omole Phase 1,6.60438,3.3622,OLT-IKJ-01,1,2,FAT-0163,3,2025-12-17,Active
C10065,ZTEGE708B23,Zainab E.,Opebi Road,Omole Phase 1,6.60476,3.36179,OLT-IKJ-01,1,2,FAT-0163,4,2025-12-03,Active
C10066,ZTEGD201BF9,Hauwa E.,Opebi Road,Omole Phase 1,6.60442,3.36163,OLT-IKJ-01,1,2,FAT-0163,5,2025-12-18,Active
C10067,ZTEGB38D0F3,Funmi I.,Opebi Road,Omole Phase 1,6.60441,3.36213,OLT-IKJ-01,1,2,FAT-0163,6,2025-05-10,Active
C10068,ZTEGBBDA3A9,Musa I.,Opebi Road,Omole Phase 1,6.60417,3.36208,OLT-IKJ-01,1,2,FAT-0163,7,2025-09-17,Active
C10069,ZTEG55E0DD4,Tunde E.,Opebi Road,Omole Phase 1,6.60436,3.36243,OLT-IKJ-01,1,2,FAT-0164,1,2025-09-01,Active
C10070,ZTEGAAF034B,Musa A.,Awolowo Way,(none),6.60303,3.35964,OLT-IKJ-01,1,2,FAT-0170,1,2025-07-18,Active
C10071,ZTEGDD12D45,Tunde A.,Awolowo Way,(none),6.60299,3.36015,OLT-IKJ-01,1,2,FAT-0170,2,2025-02-18,Active
C10072,ZTEG857CC12,Ngozi E.,Allen Avenue,Ikeja GRA,6.60192,3.35228,OLT-IKJ-01,1,3,FAT-0180,1,2025-03-11,Active
C10073,ZTEG7F057E9,Pelumi I.,Allen Avenue,Ikeja GRA,6.60195,3.35205,OLT-IKJ-01,1,3,FAT-0180,2,2025-10-01,Active
C10074,ZTEGFCDE8A0,Ife B.,Allen Avenue,Ikeja GRA,6.60226,3.35268,OLT-IKJ-01,1,3,FAT-0180,3,2025-01-07,Active
C10075,ZTEG37D0C0A,Hauwa A.,Allen Avenue,Ikeja GRA,6.60225,3.35216,OLT-IKJ-01,1,3,FAT-0180,4,2025-06-08,Active
C10076,ZTEGAEA901A,Pelumi A.,Allen Avenue,Ikeja GRA,6.6021,3.35237,OLT-IKJ-01,1,3,FAT-0180,5,2025-09-20,Active
C10077,ZTEG5024489,Gbenga I.,Allen Avenue,Ikeja GRA,6.6024,3.35192,OLT-IKJ-01,1,3,FAT-0180,6,2025-11-14,Active
C10078,ZTEGE33EFAE,Rotimi I.,Allen Avenue,Ikeja GRA,6.60183,3.35206,OLT-IKJ-01,1,3,FAT-0180,7,2025-11-18,Active
C10079,ZTEGB372959,Gbenga I.,Allen Avenue,Ikeja GRA,6.60187,3.35233,OLT-IKJ-01,1,3,FAT-0180,8,2025-10-28,Active
C10080,ZTEG32EF6A8,Hauwa O.,Allen Avenue,Ikeja GRA,6.60192,3.35195,OLT-IKJ-01,1,3,FAT-0181,1,2025-06-07,Active
C10081,ZTEG47D84E3,Gbenga A.,Allen Avenue,Ikeja GRA,6.60131,3.35189,OLT-IKJ-01,1,3,FAT-0181,2,2025-12-03,Active
C10082,ZTEG526E6DD,Musa A.,Allen Avenue,Ikeja GRA,6.60155,3.35245,OLT-IKJ-01,1,3,FAT-0181,3,2025-09-26,Active
C10083,ZTEGC47053D,Efe B.,Allen Avenue,Ikeja GRA,6.60152,3.35225,OLT-IKJ-01,1,3,FAT-0181,4,2025-01-04,Active
C10084,ZTEG43706A3,Tunde O.,Allen Avenue,Ikeja GRA,6.60193,3.35247,OLT-IKJ-01,1,3,FAT-0181,5,2025-02-23,Active
C10085,ZTEG91744E1,Yemi O.,Allen Avenue,Ikeja GRA,6.6016,3.35225,OLT-IKJ-01,1,3,FAT-0181,6,2025-04-26,Active
C10086,ZTEG220FB44,Pelumi A.,Allen Avenue,Ikeja GRA,6.60122,3.35231,OLT-IKJ-01,1,3,FAT-0181,7,2025-10-17,Active
C10087,ZTEGF7B4B57,Tunde E.,Allen Avenue,Ikeja GRA,6.60082,3.35165,OLT-IKJ-01,1,3,FAT-0182,1,2025-04-06,Active
C10088,ZTEGE71848A,Funmi O.,Allen Avenue,Ikeja GRA,6.60144,3.35158,OLT-IKJ-01,1,3,FAT-0182,2,2025-01-05,Active
C10089,ZTEGBE53C37,Ola A.,Allen Avenue,Ikeja GRA,6.60131,3.35176,OLT-IKJ-01,1,3,FAT-0182,3,2025-08-14,Active
C10090,ZTEG93E9DB7,Lola E.,Allen Avenue,Ikeja GRA,6.60087,3.3518,OLT-IKJ-01,1,3,FAT-0182,4,2025-11-23,Active
C10091,ZTEG1A76F50,Gbenga B.,Allen Avenue,Ikeja GRA,6.60103,3.35179,OLT-IKJ-01,1,3,FAT-0182,5,2025-06-13,Active
C10092,ZTEGFBFF2EC,Gbenga I.,Allen Avenue,Ikeja GRA,6.60083,3.35191,OLT-IKJ-01,1,3,FAT-0182,6,2025-01-11,Active
C10093,ZTEGF4A7C5B,Chidi E.,Allen Avenue,Ikeja GRA,6.60116,3.35165,OLT-IKJ-01,1,3,FAT-0182,7,2025-10-11,Active
C10094,ZTEGDE08C67,Ife O.,Allen Avenue,Ikeja GRA,6.60143,3.3521,OLT-IKJ-01,1,3,FAT-0182,8,2025-03-27,Active
C10095,ZTEGFF0D3B8,Musa B.,Allen Avenue,Ikeja GRA,6.60142,3.3522,OLT-IKJ-01,1,3,FAT-0182,8,2025-12-12,Active
